Product,brand,specifications,description,category
Samsung Galaxy S21,Samsung,"6.2-inch Dynamic AMOLED display, 8GB RAM, 128GB storage, Exynos 2100 processor, Triple rear camera (64MP+12MP+12MP), 4000mAh battery, 5G connectivity","Experience the power and performance of Samsung Galaxy S21. With its stunning display, powerful processor, and advanced camera system, this smartphone takes your mobile experience to the next level.",Mobiles
OnePlus 9 Pro,OnePlus,"6.7-inch Fluid AMOLED display, 12GB RAM, 256GB storage, Snapdragon 888 processor, Quad rear camera (48MP+50MP+8MP+2MP), 4500mAh battery, 5G connectivity","Elevate your smartphone experience with OnePlus 9 Pro. Featuring a sleek design, top-of-the-line specs, and impressive camera capabilities, this device is built for performance.",Mobiles
iPhone 13,Apple,"6.1-inch Super Retina XDR display, 6GB RAM, 128GB storage, A15 Bionic chip, Dual rear camera (12MP+12MP), 3100mAh battery, 5G connectivity","Get the latest iPhone 13 and enjoy a seamless iOS experience. With its powerful chip, advanced camera system, and sleek design, this iPhone delivers exceptional performance.",Mobiles
Google Pixel 6 Pro,Google,"6.7-inch Fluid AMOLED display, 12GB RAM, 256GB storage, Tensor chip, Triple rear camera (50MP+12MP+48MP), 5000mAh battery, 5G connectivity","Discover the Google Pixel 6 Pro and its cutting-edge features. From its impressive camera quality to its smooth performance, this smartphone is designed to impress.",Mobiles
Xiaomi Mi 11 Ultra,Xiaomi,"6.81-inch AMOLED display, 12GB RAM, 256GB storage, Snapdragon 888 processor, Triple rear camera (50MP+48MP+48MP), 5000mAh battery, 5G connectivity","Experience innovation with Xiaomi Mi 11 Ultra. This device combines powerful hardware, stunning display, and professional-grade camera capabilities for an unparalleled mobile experience.",Mobiles
Realme GT 2 Pro,Realme,"6.7-inch Super AMOLED display, 12GB RAM, 256GB storage, Snapdragon 888 processor, Triple rear camera (50MP+16MP+13MP), 4500mAh battery, 5G connectivity","Unleash the performance of Realme GT 2 Pro. Packed with top-tier specs and a sleek design, this smartphone is perfect for gamers and multitaskers alike.",Mobiles
Oppo Find X4 Pro,Oppo,"6.7-inch AMOLED display, 12GB RAM, 256GB storage, Snapdragon 8 Gen 1 processor, Quad rear camera (50MP+50MP+13MP+5MP), 5000mAh battery, 5G connectivity","Discover the Oppo Find X4 Pro and its premium features. From its stunning display to its powerful camera setup, this smartphone delivers a superior user experience.",Mobiles
Vivo X80 Pro+,Vivo,"6.78-inch AMOLED display, 12GB RAM, 256GB storage, Snapdragon 8 Gen 1 processor, Quad rear camera (50MP+48MP+12MP+8MP), 4500mAh battery, 5G connectivity","Experience innovation with Vivo X80 Pro+. With its advanced specs and sleek design, this smartphone offers a seamless and powerful mobile experience.",Mobiles
Sony Xperia 1 III,Sony,"6.5-inch OLED display, 12GB RAM, 256GB storage, Snapdragon 888 processor, Triple rear camera (12MP+12MP+12MP), 4500mAh battery, 5G connectivity","Immerse yourself in entertainment with Sony Xperia 1 III. From its stunning display to its pro-level camera system, this smartphone is designed for multimedia enthusiasts.",Mobiles
Asus ROG Phone 5,Asus,"6.78-inch AMOLED display, 16GB RAM, 256GB storage, Snapdragon 888 processor, Triple rear camera (64MP+13MP+5MP), 6000mAh battery, 5G connectivity","Unleash your gaming potential with Asus ROG Phone 5. Featuring top-tier specs and a unique design, this smartphone is a gamer's dream come true.",Mobiles
Motorola Edge X30,Motorola,"6.7-inch AMOLED display, 12GB RAM, 256GB storage, Snapdragon 8 Gen 1 processor, Triple rear camera (108MP+8MP+2MP), 5000mAh battery, 5G connectivity","Experience power and performance with Motorola Edge X30. From its impressive camera capabilities to its sleek design, this smartphone delivers a premium user experience.",Mobiles
Nokia X100,Nokia,"6.67-inch IPS LCD display, 8GB RAM, 128GB storage, Snapdragon 480 processor, Triple rear camera (48MP+5MP+2MP), 4470mAh battery, 5G connectivity","Discover the reliability of Nokia X100. With its durable build and efficient performance, this smartphone is ideal for everyday use.",Mobiles
LG Velvet 2 Pro,LG,"6.8-inch P-OLED display, 8GB RAM, 128GB storage, Snapdragon 888 processor, Triple rear camera (64MP+12MP+5MP), 4500mAh battery, 5G connectivity","Experience elegance with LG Velvet 2 Pro. Featuring a sleek design and advanced camera capabilities, this smartphone offers a premium user experience.",Mobiles
Lenovo Legion Phone 3,Lenovo,"6.92-inch AMOLED display, 12GB RAM, 256GB storage, Snapdragon 888 processor, Dual rear camera (64MP+16MP), 5500mAh battery, 5G connectivity","Unleash your gaming prowess with Lenovo Legion Phone 3. With its gaming-focused features and powerful hardware, this smartphone is built for gaming enthusiasts.",Mobiles
BlackBerry Key3,BlackBerry,"6.5-inch OLED display, 8GB RAM, 128GB storage, Snapdragon 778G processor, Dual rear camera (50MP+5MP), 4500mAh battery, 5G connectivity","Get the productivity you need with BlackBerry Key3. With its iconic keyboard and efficient performance, this smartphone is perfect for business users.",Mobiles
Huawei P50 Pro,Huawei,"6.6-inch OLED display, 8GB RAM, 256GB storage, Kirin 9000 processor, Quad rear camera (50MP+40MP+12MP+3D ToF), 4360mAh battery, 5G connectivity","Explore the possibilities with Huawei P50 Pro. Featuring a powerful camera setup and sleek design, this smartphone is designed to capture every moment.",Mobiles
ZTE Axon 30 Ultra,ZTE,"6.67-inch AMOLED display, 12GB RAM, 256GB storage, Snapdragon 888 processor, Triple rear camera (64MP+64MP+64MP), 4600mAh battery, 5G connectivity
Poco F4 GT,Poco,"6.67-inch Super AMOLED display, 8GB RAM, 128GB storage, MediaTek Dimensity 1200 processor, Triple rear camera (64MP+8MP+2MP), 5065mAh battery, 5G connectivity","Experience high-performance gaming with Poco F4 GT. With its powerful processor and stunning display, this smartphone is designed for gamers and multitaskers.",Mobiles
Infinix Zero X Neo,Infinix,"6.78-inch IPS LCD display, 6GB RAM, 128GB storage, MediaTek Helio G96 processor, Triple rear camera (50MP+8MP+2MP), 5000mAh battery, 4G connectivity","Discover the sleek and stylish design of Infinix Zero X Neo. With its impressive camera capabilities and long-lasting battery, this smartphone offers a great user experience.",Mobiles
Tecno Camon 18 Premier,Tecno,"6.8-inch IPS LCD display, 8GB RAM, 256GB storage, MediaTek Helio G96 processor, Quad rear camera (64MP+8MP+2MP+2MP), 5000mAh battery, 4G connectivity","Unlock creativity with Tecno Camon 18 Premier. Featuring a versatile camera setup and ample storage, this smartphone is perfect for photography enthusiasts.",Mobiles
Redmi Note 11T,Xiaomi,"6.6-inch IPS LCD display, 6GB RAM, 128GB storage, MediaTek Dimensity 810 processor, Triple rear camera (50MP+8MP+2MP), 5000mAh battery, 5G connectivity","Experience smooth performance with Redmi Note 11T. With its reliable specs and 5G connectivity, this smartphone is ideal for everyday use.",Mobiles
Realme C35,Realme,"6.5-inch IPS LCD display, 4GB RAM, 64GB storage, MediaTek Helio G35 processor, Dual rear camera (13MP+2MP), 6000mAh battery, 4G connectivity","Get more done with Realme C35. With its large battery and efficient performance, this smartphone is perfect for productivity on the go.",Mobiles
Samsung Galaxy A22,Samsung,"6.4-inch Super AMOLED display, 6GB RAM, 128GB storage, MediaTek Helio G80 processor, Quad rear camera (48MP+8MP+2MP+2MP), 5000mAh battery, 4G connectivity","Discover the sleek design and powerful features of Samsung Galaxy A22. With its versatile camera setup and long-lasting battery, this smartphone is perfect for everyday use.",Mobiles
Moto G71,Motorola,"6.4-inch IPS LCD display, 6GB RAM, 128GB storage, MediaTek Helio G52 processor, Triple rear camera (50MP+8MP+2MP), 5000mAh battery, 4G connectivity","Experience reliable performance with Moto G71. With its durable build and efficient processor, this smartphone is built to last.",Mobiles
Nokia G50,Nokia,"6.82-inch IPS LCD display, 4GB RAM, 64GB storage, Qualcomm Snapdragon 480 processor, Triple rear camera (48MP+5MP+2MP), 5000mAh battery, 5G connectivity","Discover the reliability of Nokia G50. With its durable build and efficient performance, this smartphone is ideal for everyday use.",Mobiles
Oppo A96,Oppo,"6.43-inch AMOLED display, 8GB RAM, 128GB storage, MediaTek Dimensity 1200 processor, Quad rear camera (50MP+8MP+2MP+2MP), 4310mAh battery, 5G connectivity","Experience premium features with Oppo A96. With its powerful camera setup and sleek design, this smartphone offers a superior user experience.",Mobiles
Vivo Y75,Vivo,"6.58-inch IPS LCD display, 6GB RAM, 128GB storage, Qualcomm Snapdragon 680 processor, Triple rear camera (50MP+8MP+2MP), 5000mAh battery, 4G connectivity","Discover the stylish design and efficient performance of Vivo Y75. With its reliable specs and long-lasting battery, this smartphone is perfect for everyday use.",Mobiles
Infinix Hot 12,Infinix,"6.82-inch IPS LCD display, 4GB RAM, 64GB storage, MediaTek Helio G35 processor, Dual rear camera (13MP+2MP), 5000mAh battery, 4G connectivity","Discover the reliable performance of Infinix Hot 12. With its large display and long-lasting battery, this smartphone is perfect for everyday use.",Mobiles
Xiaomi Redmi 10,Xiaomi,"6.5-inch IPS LCD display, 4GB RAM, 64GB storage, MediaTek Helio G88 processor, Quad rear camera (50MP+8MP+2MP+2MP), 5000mAh battery, 4G connectivity","Experience smooth performance with Xiaomi Redmi 10. With its versatile camera setup and efficient processor, this smartphone is ideal for multitasking.",Mobiles
Realme Narzo 50A,Realme,"6.5-inch IPS LCD display, 4GB RAM, 64GB storage, MediaTek Helio G85 processor, Triple rear camera (50MP+8MP+2MP), 6000mAh battery, 4G connectivity","Unlock your potential with Realme Narzo 50A. With its powerful battery and reliable specs, this smartphone is perfect for productivity on the go.",Mobiles
Samsung Galaxy M22,Samsung,"6.4-inch Super AMOLED display, 4GB RAM, 128GB storage, MediaTek Helio G80 processor, Quad rear camera (48MP+8MP+2MP+2MP), 6000mAh battery, 4G connectivity","Experience stunning visuals with Samsung Galaxy M22. With its powerful camera setup and sleek design, this smartphone offers a superior user experience.",Mobiles
Moto E40,Motorola,"6.5-inch IPS LCD display, 4GB RAM, 64GB storage, MediaTek Helio G25 processor, Dual rear camera (48MP+2MP), 5000mAh battery, 4G connectivity","Discover the reliable performance of Moto E40. With its efficient processor and long-lasting battery, this smartphone is perfect for everyday tasks.",Mobiles
Nokia C21 Plus,Nokia,"6.52-inch IPS LCD display, 3GB RAM, 32GB storage, Unisoc SC9863A processor, Dual rear camera (13MP+2MP), 5050mAh battery, 4G connectivity","Experience durability with Nokia C21 Plus. With its long-lasting battery and reliable performance, this smartphone is built to last.",Mobiles
Oppo A15s,Oppo,"6.52-inch IPS LCD display, 4GB RAM, 64GB storage, MediaTek Helio P35 processor, Triple rear camera (13MP+2MP+2MP), 4230mAh battery, 4G connectivity","Discover the sleek design and efficient performance of Oppo A15s. With its reliable specs and affordable price, this smartphone offers great value.",Mobiles
Vivo Y21s,Vivo,"6.51-inch IPS LCD display, 4GB RAM, 128GB storage, MediaTek Helio P35 processor, Dual rear camera (13MP+2MP), 5000mAh battery, 4G connectivity","Unlock your creativity with Vivo Y21s. With its ample storage and efficient processor, this smartphone is perfect for multimedia enthusiasts.",Mobiles
Infinix Smart 6,Infinix,"6.6-inch IPS LCD display, 3GB RAM, 32GB storage, MediaTek Helio A20 processor, Dual rear camera (13MP+2MP), 5000mAh battery, 4G connectivity","Experience reliable performance with Infinix Smart 6. With its durable build and long-lasting battery, this smartphone is ideal for everyday use.",Mobiles
Xiaomi Redmi 9A,Xiaomi,"6.53-inch IPS LCD display, 2GB RAM, 32GB storage, MediaTek Helio G25 processor, Single rear camera (13MP), 5000mAh battery, 4G connectivity","Discover the affordability of Xiaomi Redmi 9A. With its efficient specs and large battery, this smartphone offers great value for money.",Mobiles
Realme C20A,Realme,"6.5-inch IPS LCD display, 2GB RAM, 32GB storage, MediaTek Helio G35 processor, Single rear camera (8MP), 5000mAh battery, 4G connectivity","Get more done with Realme C20A. With its long-lasting battery and efficient performance, this smartphone is perfect for everyday tasks.",Mobiles
Samsung Galaxy A03,Samsung,"6.5-inch IPS LCD display, 3GB RAM, 32GB storage, MediaTek MT6739W processor, Dual rear camera (13MP+2MP), 5000mAh battery, 4G connectivity","Experience reliable performance with Samsung Galaxy A03. With its durable build and efficient processor, this smartphone is perfect for everyday use.",Mobiles
Moto G Power (2022),Motorola,"6.5-inch IPS LCD display, 6GB RAM, 128GB storage, Qualcomm Snapdragon 678 processor, Triple rear camera (50MP+8MP+2MP), 5000mAh battery, 4G connectivity","Experience long-lasting performance with Moto G Power (2022). With its large battery and efficient processor, this smartphone is perfect for all-day use.",Mobiles
POCO X4 Pro,Poco,"6.67-inch AMOLED display, 8GB RAM, 256GB storage, MediaTek Dimensity 1200 processor, Quad rear camera (108MP+8MP+2MP+2MP), 5000mAh battery, 5G connectivity","Unleash the power of POCO X4 Pro. With its top-tier specs and stunning display, this smartphone offers a premium user experience.",Mobiles
Vivo V23 Pro,Vivo,"6.56-inch AMOLED display, 8GB RAM, 256GB storage, Qualcomm Snapdragon 778G processor, Quad rear camera (50MP+8MP+2MP+2MP), 4500mAh battery, 5G connectivity","Discover the elegance of Vivo V23 Pro. With its sleek design and advanced camera setup, this smartphone is perfect for photography enthusiasts.",Mobiles
Realme GT Master Edition,Realme,"6.4-inch Super AMOLED display, 8GB RAM, 128GB storage, Qualcomm Snapdragon 778G processor, Triple rear camera (64MP+8MP+2MP), 4500mAh battery, 5G connectivity","Experience the speed of Realme GT Master Edition. With its powerful processor and stunning display, this smartphone delivers a smooth user experience.",Mobiles
Samsung Galaxy M52 5G,Samsung,"6.7-inch Super AMOLED display, 8GB RAM, 128GB storage, Qualcomm Snapdragon 778G processor, Quad rear camera (64MP+12MP+5MP+5MP), 5000mAh battery, 5G connectivity","Get ready for 5G with Samsung Galaxy M52. With its advanced features and reliable performance, this smartphone is built for the future.",Mobiles
Motorola Edge 20 Fusion,Motorola,"6.7-inch IPS LCD display, 6GB RAM, 128GB storage, MediaTek Dimensity 700 processor, Triple rear camera (108MP+8MP+2MP), 5000mAh battery, 5G connectivity","Experience power and style with Motorola Edge 20 Fusion. With its sleek design and efficient processor, this smartphone is perfect for multitasking.",Mobiles
OnePlus Nord CE 2,OnePlus,"6.43-inch Fluid AMOLED display, 8GB RAM, 128GB storage, Qualcomm Snapdragon 695 processor, Triple rear camera (50MP+8MP+2MP), 4500mAh battery, 5G connectivity","Elevate your smartphone experience with OnePlus Nord CE 2. With its impressive specs and sleek design, this smartphone offers a premium user experience.",Mobiles
Xiaomi Redmi Note 11 Pro,Xiaomi,"6.67-inch Super AMOLED display, 6GB RAM, 128GB storage, Qualcomm Snapdragon 695 processor, Quad rear camera (108MP+8MP+5MP+2MP), 5000mAh battery, 5G connectivity","Discover the power of Xiaomi Redmi Note 11 Pro. With its advanced camera setup and smooth performance, this smartphone is perfect for photography enthusiasts.",Mobiles
Oppo Reno7 5G,Oppo,"6.43-inch AMOLED display, 8GB RAM, 128GB storage, MediaTek Dimensity 900 processor, Quad rear camera (64MP+8MP+2MP+2MP), 4500mAh battery, 5G connectivity","Experience innovation with Oppo Reno7 5G. With its powerful features and sleek design, this smartphone offers a superior user experience.",Mobiles
Samsung Galaxy F42 5G,Samsung,"6.6-inch Super AMOLED display, 6GB RAM, 128GB storage, Qualcomm Snapdragon 750G processor, Quad rear camera (64MP+8MP+5MP+5MP), 5000mAh battery, 5G connectivity","Discover the power of 5G with Samsung Galaxy F42. With its reliable performance and advanced camera system, this smartphone is perfect for all your needs.",Mobiles
Realme GT Neo 3,Realme,"6.7-inch Super AMOLED display, 8GB RAM, 256GB storage, MediaTek Dimensity 9000 processor, Quad rear camera (108MP+8MP+2MP+2MP), 5000mAh battery, 5G connectivity","Experience flagship performance with Realme GT Neo 3. With its powerful processor and stunning display, this smartphone delivers exceptional speed and performance.",Mobiles
Vivo Y75s,Vivo,"6.58-inch AMOLED display, 8GB RAM, 128GB storage, Qualcomm Snapdragon 778G processor, Quad rear camera (64MP+8MP+2MP+2MP), 4500mAh battery, 5G connectivity","Discover the elegance of Vivo Y75s. With its sleek design and advanced camera system, this smartphone offers a premium user experience.",Mobiles
Moto G71 5G,Motorola,"6.8-inch IPS LCD display, 8GB RAM, 128GB storage, Qualcomm Snapdragon 695 processor, Triple rear camera (50MP+8MP+2MP), 5000mAh battery, 5G connectivity","Experience the power of 5G with Moto G71 5G. With its efficient processor and large display, this smartphone is perfect for streaming and gaming.",Mobiles
Nokia X100 Plus,Nokia,"6.7-inch IPS LCD display, 6GB RAM, 128GB storage, Qualcomm Snapdragon 690 processor, Quad rear camera (64MP+8MP+2MP+2MP), 4500mAh battery, 5G connectivity","Discover the reliability of Nokia X100 Plus. With its durable build and efficient processor, this smartphone is perfect for everyday use.",Mobiles
OPPO A95 5G,Oppo,"6.43-inch AMOLED display, 8GB RAM, 256GB storage, MediaTek Dimensity 1200 processor, Quad rear camera (64MP+8MP+2MP+2MP), 4300mAh battery, 5G connectivity","Experience innovation with OPPO A95 5G. With its powerful camera setup and efficient processor, this smartphone offers a superior user experience.",Mobiles
Xiaomi Mi 11 Lite,Xiaomi,"6.55-inch AMOLED display, 6GB RAM, 128GB storage, Qualcomm Snapdragon 778G processor, Triple rear camera (64MP+8MP+5MP), 4250mAh battery, 5G connectivity","Discover the sleek and lightweight design of Xiaomi Mi 11 Lite. With its advanced specs and stunning display, this smartphone is perfect for on-the-go users.",Mobiles
Samsung Galaxy A72,Samsung,"6.7-inch Super AMOLED display, 8GB RAM, 128GB storage, Qualcomm Snapdragon 720G processor, Quad rear camera (64MP+8MP+12MP+5MP), 5000mAh battery, 4G connectivity","Experience immersive visuals with Samsung Galaxy A72. With its powerful camera setup and long-lasting battery, this smartphone is perfect for multimedia enthusiasts.",Mobiles
Realme GT Neo 2T,Realme,"6.6-inch Super AMOLED display, 12GB RAM, 256GB storage, Qualcomm Snapdragon 870 processor, Triple rear camera (64MP+8MP+2MP), 4500mAh battery, 5G connectivity","Unleash the power of Realme GT Neo 2T. With its high-performance specs and sleek design, this smartphone is perfect for multitasking.",Mobiles
Vivo Y95 5G,Vivo,"6.58-inch IPS LCD display, 8GB RAM, 256GB storage, Qualcomm Snapdragon 778G processor, Quad rear camera (50MP+8MP+2MP+2MP), 4500mAh battery, 5G connectivity","Discover the elegance and power of Vivo Y95 5G. With its advanced camera system and efficient processor, this smartphone offers a superior user experience.",Mobiles
Moto G Stylus 2022,Motorola,"6.8-inch IPS LCD display, 6GB RAM, 128GB storage, Qualcomm Snapdragon 680 processor, Triple rear camera (50MP+8MP+2MP), 5000mAh battery, 4G connectivity","Get creative with Moto G Stylus 2022. With its stylus support and powerful specs, this smartphone is perfect for productivity and creativity.",Mobiles
OPPO Reno6 Pro,Oppo,"6.55-inch AMOLED display, 8GB RAM, 128GB storage, MediaTek Dimensity 1200 processor, Quad rear camera (64MP+8MP+2MP+2MP), 4500mAh battery, 5G connectivity","Experience elegance and performance with OPPO Reno6 Pro. With its powerful camera setup and sleek design, this smartphone offers a premium user experience.",Mobiles
Nokia 225 4G,Nokia,"2.4-inch TFT display, 128MB RAM, 64MB storage, Unisoc processor, VGA camera, 1150mAh battery, 4G connectivity","Stay connected with Nokia 225 4G. With its compact design and essential features, this phone is perfect for basic communication.",Feature Phones
Samsung Guru Music 2,Samsung,"2-inch TFT display, 16MB RAM, 16MB storage, VGA camera, 800mAh battery, Dual SIM support","Enjoy music on the go with Samsung Guru Music 2. With its long-lasting battery and music-centric features, this phone is ideal for music lovers.",Feature Phones
Nokia 5310,Nokia,"2.4-inch TFT display, 8MB RAM, 16MB storage, MediaTek processor, VGA camera, 1200mAh battery, Dual front-facing speakers","Experience nostalgia with Nokia 5310. With its classic design and music playback features, this phone is perfect for those who appreciate simplicity.",Feature Phones
Samsung Metro 313,Samsung,"2-inch TFT display, 4MB RAM, 4MB storage, VGA camera, 1000mAh battery, Dual SIM support","Stay connected with Samsung Metro 313. With its compact design and essential features, this phone is perfect for everyday communication.",Feature Phones
Lava A1,Lava,"1.8-inch TFT display, 32MB RAM, 32MB storage, VGA camera, 800mAh battery, Dual SIM support","Get the essentials with Lava A1. With its durable build and long-lasting battery, this phone is perfect for basic communication.",Feature Phones
Nokia 8000 4G,Nokia,"2.8-inch TFT display, 512MB RAM, 4GB storage, Qualcomm Snapdragon 210 processor, 2MP rear camera, 1500mAh battery, 4G connectivity","Experience style and connectivity with Nokia 8000 4G. With its sleek design and essential features, this phone offers a modern user experience.",Feature Phones
Itel it5617,Itel,"1.8-inch TFT display, 4MB RAM, 4MB storage, VGA camera, 1900mAh battery, Dual SIM support","Stay connected with Itel it5617. With its long-lasting battery and basic features, this phone is perfect for everyday use.",Feature Phones
Micromax X746,Micromax,"2.4-inch TFT display, 32MB RAM, 32MB storage, VGA camera, 3000mAh battery, Dual SIM support","Get reliable performance with Micromax X746. With its durable build and long-lasting battery, this phone is perfect for basic communication.",Feature Phones
Karbonn KX29,Karbonn,"1.77-inch TFT display, 32MB RAM, 32MB storage, VGA camera, 1000mAh battery, Dual SIM support","Stay connected with Karbonn KX29. With its compact design and essential features, this phone is perfect for basic communication.",Feature Phones
Spice F311,Spice,"1.8-inch TFT display, 32MB RAM, 32MB storage, VGA camera, 1000mAh battery, Dual SIM support","Stay connected with Spice F311. With its compact design and essential features, this phone is perfect for basic communication.",Feature Phones
Lava A3,Lava,"2.4-inch TFT display, 64MB RAM, 64MB storage, VGA camera, 1300mAh battery, Dual SIM support","Get reliable performance with Lava A3. With its durable build and long-lasting battery, this phone is perfect for basic communication.",Feature Phones
Nokia 216,Nokia,"2.4-inch TFT display, 16MB RAM, 16MB storage, VGA camera, 1020mAh battery, Dual SIM support","Stay connected with Nokia 216. With its durable build and essential features, this phone is perfect for everyday communication.",Feature Phones
Samsung Guru FM Plus,Samsung,"1.5-inch TFT display, 4MB RAM, 8MB storage, FM radio, 800mAh battery, Dual SIM support","Enjoy FM radio on the go with Samsung Guru FM Plus. With its compact design and essential features, this phone is perfect for music enthusiasts.",Feature Phones
Itel it5607,Itel,"1.8-inch TFT display, 4MB RAM, 4MB storage, VGA camera, 1000mAh battery, Dual SIM support","Stay connected with Itel it5607. With its long-lasting battery and basic features, this phone is perfect for everyday use.",Feature Phones
Micromax X512,Micromax,"1.8-inch TFT display, 4MB RAM, 4MB storage, VGA camera, 1000mAh battery, Dual SIM support","Get reliable performance with Micromax X512. With its durable build and long-lasting battery, this phone is perfect for basic communication.",Feature Phones
Karbonn KX26,Karbonn,"1.77-inch TFT display, 32MB RAM, 32MB storage, VGA camera, 950mAh battery, Dual SIM support","Stay connected with Karbonn KX26. With its compact design and essential features, this phone is perfect for basic communication.",Feature Phones
Spice Boss M-5000,Spice,"2.4-inch TFT display, 32MB RAM, 32MB storage, VGA camera, 1200mAh battery, Dual SIM support","Experience reliable performance with Spice Boss M-5000. With its durable build and long-lasting battery, this phone is perfect for basic communication.",Feature Phones
Lava A2,Lava,"2.4-inch TFT display, 32MB RAM, 32MB storage, VGA camera, 1200mAh battery, Dual SIM support","Stay connected with Lava A2. With its durable build and essential features, this phone is perfect for basic communication.",Feature Phones
Nokia 130,Nokia,"1.8-inch TFT display, 4MB RAM, 8MB storage, VGA camera, 1020mAh battery, Dual SIM support","Get the essentials with Nokia 130. With its compact design and long-lasting battery, this phone is perfect for basic communication.",Feature Phones
Samsung Guru 1200,Samsung,"1.52-inch TFT display, 4MB RAM, 4MB storage, VGA camera, 800mAh battery, Dual SIM support","Stay connected with Samsung Guru 1200. With its compact design and essential features, this phone is perfect for basic communication.",Feature Phones
Sony Xperia 5 III,Sony,"6.1-inch OLED display, 12GB RAM, 256GB storage, Qualcomm Snapdragon 888 processor, Triple rear camera (12MP+12MP+12MP), 4500mAh battery, 5G connectivity","Experience flagship performance with Sony Xperia 5 III. With its advanced features and stunning display, this smartphone delivers an exceptional user experience.",Mobiles
Samsung Galaxy Z Fold 3,Samsung,"7.6-inch Dynamic AMOLED display, 12GB RAM, 256GB storage, Qualcomm Snapdragon 888 processor, Triple rear camera (12MP+12MP+12MP), 4400mAh battery, 5G connectivity","Unfold the future with Samsung Galaxy Z Fold 3. With its foldable design and powerful specs, this smartphone offers a unique and immersive user experience.",Mobiles
OnePlus 9RT,OnePlus,"6.62-inch Fluid AMOLED display, 8GB RAM, 128GB storage, Qualcomm Snapdragon 888 processor, Triple rear camera (50MP+16MP+2MP), 4500mAh battery, 5G connectivity","Elevate your mobile gaming experience with OnePlus 9RT. With its high-performance specs and sleek design, this smartphone is perfect for gaming enthusiasts.",Mobiles
Xiaomi Mi 12 Ultra,Xiaomi,"6.8-inch AMOLED display, 12GB RAM, 256GB storage, Qualcomm Snapdragon 8 Gen 2 processor, Quad rear camera (200MP+50MP+50MP+20MP), 5000mAh battery, 5G connectivity","Experience the pinnacle of mobile photography with Xiaomi Mi 12 Ultra. With its impressive camera setup and powerful performance, this smartphone is perfect for photography enthusiasts.",Mobiles
Google Pixel 6a,Google,"6.4-inch OLED display, 6GB RAM, 128GB storage, Google Tensor processor, Dual rear camera (50MP+12MP), 4000mAh battery, 5G connectivity","Discover the power of AI with Google Pixel 6a. With its advanced features and reliable performance, this smartphone offers a seamless user experience.",Mobiles
Asus ROG Phone 6,Asus,"6.78-inch AMOLED display, 16GB RAM, 512GB storage, Qualcomm Snapdragon 8 Gen 2 processor, Triple rear camera (64MP+13MP+5MP), 6000mAh battery, 5G connectivity","Unleash your gaming potential with Asus ROG Phone 6. With its gaming-centric features and powerful specs, this smartphone is perfect for gaming enthusiasts.",Mobiles
Realme GT Neo 3 Pro,Realme,"6.7-inch Super AMOLED display, 12GB RAM, 256GB storage, MediaTek Dimensity 9000 processor, Triple rear camera (108MP+8MP+2MP), 5000mAh battery, 5G connectivity","Experience flagship performance with Realme GT Neo 3 Pro. With its powerful processor and stunning display, this smartphone delivers an exceptional user experience.",Mobiles
OPPO Find X5 Pro,Oppo,"6.7-inch LTPO OLED display, 12GB RAM, 256GB storage, Qualcomm Snapdragon 8 Gen 2 processor, Quad rear camera (50MP+50MP+13MP+3MP), 5000mAh battery, 5G connectivity","Discover innovation with OPPO Find X5 Pro. With its advanced camera system and sleek design, this smartphone offers a superior user experience.",Mobiles
Samsung Galaxy S22 Ultra,Samsung,"6.8-inch Dynamic AMOLED display, 16GB RAM, 512GB storage, Exynos 2200 processor, Quad rear camera (108MP+12MP+12MP+10MP), 5000mAh battery, 5G connectivity","Experience the ultimate smartphone with Samsung Galaxy S22 Ultra. With its top-tier specs and cutting-edge features, this smartphone delivers unrivaled performance.",Mobiles
OnePlus 10 Pro,OnePlus,"6.7-inch Fluid AMOLED display, 12GB RAM, 256GB storage, Qualcomm Snapdragon 8 Gen 2 processor, Quad rear camera (48MP+50MP+8MP+2MP), 5000mAh battery, 5G connectivity","Experience flagship performance with OnePlus 10 Pro. With its stunning display and powerful specs, this smartphone delivers an exceptional user experience.",Mobiles
Xiaomi Black Shark 5 Pro,Xiaomi,"6.67-inch AMOLED display, 12GB RAM, 256GB storage, Qualcomm Snapdragon 8 Gen 2 processor, Triple rear camera (108MP+12MP+5MP), 5000mAh battery, 5G connectivity","Unleash your gaming potential with Xiaomi Black Shark 5 Pro. With its gaming-centric features and high-performance specs, this smartphone is perfect for gaming enthusiasts.",Mobiles
Sony Xperia 1 IV,Sony,"6.5-inch OLED display, 12GB RAM, 256GB storage, Qualcomm Snapdragon 8 Gen 2 processor, Quad rear camera (48MP+12MP+12MP+12MP), 4500mAh battery, 5G connectivity","Experience cinematic excellence with Sony Xperia 1 IV. With its advanced camera system and stunning display, this smartphone delivers an immersive entertainment experience.",Mobiles
Asus Zenfone 9 Pro,Asus,"6.9-inch Super AMOLED display, 12GB RAM, 256GB storage, Qualcomm Snapdragon 8 Gen 2 processor, Quad rear camera (108MP+16MP+8MP+2MP), 5000mAh battery, 5G connectivity","Discover creativity with Asus Zenfone 9 Pro. With its powerful camera setup and large display, this smartphone is perfect for content creators.",Mobiles
Realme GT2 Pro Plus,Realme,"6.7-inch Super AMOLED display, 12GB RAM, 256GB storage, Qualcomm Snapdragon 8 Gen 2 processor, Triple rear camera (108MP+8MP+2MP), 5000mAh battery, 5G connectivity","Experience speed and performance with Realme GT2 Pro Plus. With its high-performance specs and sleek design, this smartphone is perfect for multitasking.",Mobiles
OPPO Reno7 Pro Plus,Oppo,"6.7-inch OLED display, 12GB RAM, 256GB storage, Qualcomm Snapdragon 8 Gen 2 processor, Quad rear camera (50MP+50MP+13MP+3MP), 5000mAh battery, 5G connectivity","Discover innovation with OPPO Reno7 Pro Plus. With its advanced camera system and sleek design, this smartphone offers a superior user experience.",Mobiles
Samsung Galaxy Note 22 Ultra,Samsung,"6.8-inch Dynamic AMOLED display, 16GB RAM, 512GB storage, Exynos 2200 processor, Quad rear camera (108MP+12MP+12MP+10MP), 5000mAh battery, 5G connectivity","Experience productivity and creativity with Samsung Galaxy Note 22 Ultra. With its S Pen support and top-tier specs, this smartphone is perfect for professionals.",Mobiles
OnePlus 10T Pro,OnePlus,"6.7-inch Fluid AMOLED display, 12GB RAM, 256GB storage, Qualcomm Snapdragon 8 Gen 2 processor, Quad rear camera (48MP+50MP+8MP+2MP), 5000mAh battery, 5G connectivity","Experience flagship performance with OnePlus 10T Pro. With its stunning display and powerful specs, this smartphone delivers an exceptional user experience.",Mobiles
Xiaomi Poco F5 GT,Xiaomi,"6.67-inch AMOLED display, 8GB RAM, 128GB storage, MediaTek Dimensity 9000 processor, Triple rear camera (50MP+8MP+2MP), 4500mAh battery, 5G connectivity","Unleash your gaming potential with Xiaomi Poco F5 GT. With its gaming-centric features and high-performance specs, this smartphone is perfect for gaming enthusiasts.",Mobiles
Sony Xperia Pro-I,Sony,"6.5-inch OLED display, 12GB RAM, 256GB storage, Qualcomm Snapdragon 8 Gen 1 processor, Quad rear camera (12MP+12MP+12MP+0.3MP), 4500mAh battery, 5G connectivity","Experience professional photography with Sony Xperia Pro-I. With its advanced camera system and professional-grade features, this smartphone is perfect for photography enthusiasts.",Mobiles
Asus ROG Phone 7,Asus,"6.78-inch AMOLED display, 16GB RAM, 512GB storage, Qualcomm Snapdragon 8 Gen 2 processor, Triple rear camera (64MP+13MP+5MP), 6000mAh battery, 5G connectivity","Unleash your gaming potential with Asus ROG Phone 7. With its gaming-centric features and top-tier specs, this smartphone is perfect for gaming enthusiasts.",Mobiles
Dell Inspiron 15 3000,Dell,"15.6-inch Full HD display, Intel Core i5 processor, 8GB RAM, 512GB SSD, Intel UHD Graphics, Windows 10 Home, 8-hour battery life","Get reliable performance with Dell Inspiron 15 3000. With its powerful processor and ample storage, this laptop is perfect for everyday computing.",Laptops
HP Pavilion x360,HP,"14-inch Full HD touchscreen display, Intel Core i7 processor, 16GB RAM, 512GB SSD, Intel Iris Xe Graphics, Windows 10 Home, 10-hour battery life","Experience versatility with HP Pavilion x360. With its convertible design and powerful specs, this laptop is perfect for productivity and entertainment.",Laptops
Lenovo ThinkPad X1 Carbon,Lenovo,"14-inch WQHD display, Intel Core i7 processor, 16GB RAM, 1TB SSD, Intel Iris Xe Graphics, Windows 10 Pro, 12-hour battery life","Experience business-class performance with Lenovo ThinkPad X1 Carbon. With its premium build and advanced features, this laptop is perfect for professionals.",Laptops
Apple MacBook Air,Apple,"13.3-inch Retina display, Apple M1 chip, 8GB RAM, 256GB SSD, 8-core GPU, macOS Monterey, up to 18-hour battery life","Experience the power of Apple Silicon with Apple MacBook Air. With its sleek design and long-lasting battery, this laptop is perfect for everyday use.",Laptops
Asus ROG Zephyrus G14,Asus,"14-inch QHD display, AMD Ryzen 9 processor, 32GB RAM, 1TB SSD, NVIDIA GeForce RTX 3080 graphics, Windows 10 Pro, 10-hour battery life","Unleash your gaming potential with Asus ROG Zephyrus G14. With its powerful specs and compact design, this laptop is perfect for gaming on the go.",Laptops
Acer Swift 5,Acer,"14-inch Full HD touchscreen display, Intel Core i7 processor, 16GB RAM, 1TB SSD, Intel Iris Xe Graphics, Windows 11 Home, 12-hour battery life","Experience lightweight performance with Acer Swift 5. With its slim design and powerful specs, this laptop is perfect for portability and productivity.",Laptops
Microsoft Surface Laptop 4,Microsoft,"13.5-inch PixelSense touchscreen display, Intel Core i7 processor, 16GB RAM, 512GB SSD, Intel Iris Xe Graphics, Windows 10 Home, up to 17-hour battery life","Experience premium design with Microsoft Surface Laptop 4. With its versatile features and long-lasting battery, this laptop is perfect for work and play.",Laptops
HP Spectre x360,HP,"15.6-inch 4K OLED touchscreen display, Intel Core i7 processor, 16GB RAM, 1TB SSD, NVIDIA GeForce GTX 1650 graphics, Windows 11 Home, 12-hour battery life","Experience immersive visuals with HP Spectre x360. With its convertible design and powerful specs, this laptop is perfect for multimedia and productivity.",Laptops
Dell XPS 13,Dell,"13.4-inch 4K Ultra HD+ display, Intel Core i7 processor, 16GB RAM, 512GB SSD, Intel Iris Xe Graphics, Windows 11 Home, up to 14-hour battery life","Experience premium performance with Dell XPS 13. With its stunning display and powerful specs, this laptop is perfect for professionals and creatives.",Laptops
Lenovo Yoga C940,Lenovo,"14-inch 4K touchscreen display, Intel Core i7 processor, 16GB RAM, 1TB SSD, Intel Iris Plus Graphics, Windows 11 Home, up to 15-hour battery life","Experience versatility with Lenovo Yoga C940. With its convertible design and powerful specs, this laptop is perfect for productivity and entertainment.",Laptops
Apple MacBook Pro 13,Apple,"13.3-inch Retina display, Apple M1 Pro chip, 16GB RAM, 512GB SSD, 10-core GPU, macOS Monterey, up to 17-hour battery life","Experience professional performance with Apple MacBook Pro 13. With its powerful Apple Silicon and stunning display, this laptop is perfect for creative professionals.",Laptops
Asus ZenBook 14,Asus,"14-inch Full HD display, Intel Core i7 processor, 16GB RAM, 512GB SSD, NVIDIA GeForce MX450 graphics, Windows 11 Home, up to 12-hour battery life","Experience portability with Asus ZenBook 14. With its slim design and powerful specs, this laptop is perfect for on-the-go productivity.",Laptops
MSI GS66 Stealth,MSI,"15.6-inch Full HD display, Intel Core i9 processor, 32GB RAM, 1TB SSD, NVIDIA GeForce RTX 3080 graphics, Windows 11 Pro, up to 8-hour battery life","Unleash your gaming potential with MSI GS66 Stealth. With its high-performance specs and sleek design, this laptop is perfect for gaming enthusiasts.",Laptops
Acer Predator Helios 300,Acer,"15.6-inch Full HD display, Intel Core i7 processor, 16GB RAM, 512GB SSD, NVIDIA GeForce RTX 3070 graphics, Windows 11 Home, up to 6-hour battery life","Experience gaming excellence with Acer Predator Helios 300. With its powerful graphics and immersive display, this laptop is perfect for gaming.",Laptops
Microsoft Surface Book 3,Microsoft,"15-inch PixelSense touchscreen display, Intel Core i7 processor, 32GB RAM, 1TB SSD, NVIDIA GeForce GTX 1660 Ti graphics, Windows 11 Pro, up to 17.5-hour battery life","Experience versatility with Microsoft Surface Book 3. With its detachable design and powerful specs, this laptop is perfect for creativity and productivity.",Laptops
HP Envy x360,HP,"15.6-inch Full HD touchscreen display, AMD Ryzen 7 processor, 16GB RAM, 512GB SSD, AMD Radeon Graphics, Windows 11 Home, up to 10.5-hour battery life","Experience flexibility with HP Envy x360. With its convertible design and powerful specs, this laptop is perfect for multitasking.",Laptops
Dell Alienware m15,Dell,"15.6-inch Full HD display, Intel Core i9 processor, 32GB RAM, 1TB SSD, NVIDIA GeForce RTX 3080 graphics, Windows 11 Home, up to 6-hour battery life","Unleash gaming supremacy with Dell Alienware m15. With its high-performance specs and AlienFX lighting, this laptop is perfect for serious gamers.",Laptops
Lenovo Legion 5 Pro,Lenovo,"16-inch QHD display, AMD Ryzen 7 processor, 32GB RAM, 1TB SSD, NVIDIA GeForce RTX 3070 graphics, Windows 11 Pro, up to 8.5-hour battery life","Experience gaming excellence with Lenovo Legion 5 Pro. With its high-refresh-rate display and powerful specs, this laptop is perfect for gaming enthusiasts.",Laptops
Apple MacBook Pro 16,Apple,"16-inch Retina display, Apple M1 Pro chip, 32GB RAM, 1TB SSD, 10-core GPU, macOS Monterey, up to 21-hour battery life","Experience professional-grade performance with Apple MacBook Pro 16. With its large display and powerful Apple Silicon, this laptop is perfect for creative professionals.",Laptops
Asus ROG Strix Scar 15,Asus,"15.6-inch QHD display, Intel Core i9 processor, 32GB RAM, 1TB SSD, NVIDIA GeForce RTX 3080 graphics, Windows 11 Pro, up to 8-hour battery life","Unleash gaming supremacy with Asus ROG Strix Scar 15. With its high-performance specs and RGB lighting, this laptop is perfect for competitive gamers.",Laptops
HP Omen 15,HP,"15.6-inch Full HD display, Intel Core i7 processor, 16GB RAM, 512GB SSD, NVIDIA GeForce RTX 3070 graphics, Windows 11 Home, up to 6-hour battery life","Experience gaming excellence with HP Omen 15. With its powerful graphics and customizable RGB keyboard, this laptop is perfect for gamers.",Laptops
Dell Latitude 7420,Dell,"14-inch Full HD display, Intel Core i5 processor, 16GB RAM, 512GB SSD, Intel UHD Graphics, Windows 10 Pro, up to 10-hour battery life","Experience business-class performance with Dell Latitude 7420. With its sleek design and security features, this laptop is perfect for professionals.",Laptops
Lenovo IdeaPad Flex 5,Lenovo,"14-inch Full HD touchscreen display, AMD Ryzen 5 processor, 8GB RAM, 512GB SSD, AMD Radeon Graphics, Windows 10 Home, up to 10-hour battery life","Experience versatility with Lenovo IdeaPad Flex 5. With its convertible design and reliable performance, this laptop is perfect for everyday use.",Laptops
Apple MacBook Air M1,Apple,"13.3-inch Retina display, Apple M1 chip, 16GB RAM, 512GB SSD, 7-core GPU, macOS Monterey, up to 18-hour battery life","Experience the power of Apple Silicon with Apple MacBook Air M1. With its sleek design and long-lasting battery, this laptop is perfect for everyday tasks.",Laptops
Asus VivoBook S15,Asus,"15.6-inch Full HD display, Intel Core i5 processor, 8GB RAM, 512GB SSD, NVIDIA GeForce MX350 graphics, Windows 10 Home, up to 8-hour battery life","Experience performance and style with Asus VivoBook S15. With its thin and light design, this laptop is perfect for on-the-go productivity.",Laptops
Microsoft Surface Laptop Go,Microsoft,"12.4-inch PixelSense touchscreen display, Intel Core i5 processor, 8GB RAM, 128GB SSD, Intel UHD Graphics, Windows 10 Home in S mode, up to 13-hour battery life","Experience portability with Microsoft Surface Laptop Go. With its compact size and touchscreen display, this laptop is perfect for students and professionals.",Laptops
HP Elite Dragonfly,HP,"13.3-inch Full HD touchscreen display, Intel Core i7 processor, 16GB RAM, 512GB SSD, Intel UHD Graphics, Windows 10 Pro, up to 10-hour battery life","Experience mobility with HP Elite Dragonfly. With its lightweight design and long battery life, this laptop is perfect for professionals on the move.",Laptops
Dell Precision 5750,Dell,"17-inch 4K Ultra HD display, Intel Core i9 processor, 32GB RAM, 1TB SSD, NVIDIA Quadro RTX 3000 graphics, Windows 10 Pro, up to 8-hour battery life","Experience workstation power with Dell Precision 5750. With its professional-grade specs and large display, this laptop is perfect for creatives and engineers.",Laptops
Lenovo ThinkBook 14,Lenovo,"14-inch Full HD display, Intel Core i7 processor, 16GB RAM, 512GB SSD, AMD Radeon Graphics, Windows 11 Pro, up to 8-hour battery life","Experience productivity with Lenovo ThinkBook 14. With its robust features and business-friendly design, this laptop is perfect for small businesses.",Laptops
Apple MacBook Pro 14,Apple,"14-inch Liquid Retina XDR display, Apple M1 Pro chip, 16GB RAM, 512GB SSD, 10-core GPU, macOS Monterey, up to 17-hour battery life","Experience professional-grade performance with Apple MacBook Pro 14. With its powerful Apple Silicon and stunning display, this laptop is perfect for creative professionals.",Laptops
Asus TUF Gaming A15,Asus,"15.6-inch Full HD display, AMD Ryzen 7 processor, 16GB RAM, 512GB SSD, NVIDIA GeForce RTX 3060 graphics, Windows 11 Home, up to 8-hour battery life","Unleash gaming prowess with Asus TUF Gaming A15. With its high-performance specs and durable design, this laptop is perfect for gaming enthusiasts.",Laptops
Acer Chromebook Spin 713,Acer,"13.5-inch 2K VertiView display, Intel Core i5 processor, 8GB RAM, 256GB SSD, Intel UHD Graphics, Chrome OS, up to 10-hour battery life","Experience versatility with Acer Chromebook Spin 713. With its convertible design and lightweight build, this laptop is perfect for productivity on the go.",Laptops
Microsoft Surface Pro 8,Microsoft,"13-inch PixelSense touchscreen display, Intel Core i7 processor, 16GB RAM, 512GB SSD, Intel Iris Xe Graphics, Windows 11 Pro, up to 16-hour battery life","Experience versatility and portability with Microsoft Surface Pro 8. With its detachable design and powerful specs, this laptop is perfect for work and creativity.",Laptops
HP Chromebook x360,HP,"14-inch Full HD touchscreen display, Intel Core i3 processor, 8GB RAM, 128GB eMMC storage, Intel UHD Graphics, Chrome OS, up to 12-hour battery life","Experience flexibility with HP Chromebook x360. With its convertible design and long battery life, this laptop is perfect for students and casual users.",Laptops
Dell Vostro 15 3500,Dell,"15.6-inch Full HD display, Intel Core i5 processor, 8GB RAM, 512GB SSD, Intel UHD Graphics, Windows 11 Home, up to 10-hour battery life","Experience reliable performance with Dell Vostro 15 3500. With its business-focused features and security options, this laptop is perfect for professionals.",Laptops
Lenovo Legion 7i,Lenovo,"15.6-inch QHD display, Intel Core i9 processor, 32GB RAM, 1TB SSD, NVIDIA GeForce RTX 3080 graphics, Windows 11 Pro, up to 8-hour battery life","Experience gaming supremacy with Lenovo Legion 7i. With its high-performance specs and RGB lighting, this laptop is perfect for serious gamers.",Laptops
Apple MacBook Pro 13 M1,Apple,"13.3-inch Retina display, Apple M1 chip, 16GB RAM, 512GB SSD, 8-core GPU, macOS Monterey, up to 20-hour battery life","Experience the power of Apple Silicon with Apple MacBook Pro 13 M1. With its sleek design and long-lasting battery, this laptop is perfect for everyday use.",Laptops
Asus ZenBook Flip 13,Asus,"13.3-inch OLED touchscreen display, Intel Core i7 processor, 16GB RAM, 1TB SSD, Intel Iris Xe Graphics, Windows 11 Home, up to 14-hour battery life","Experience versatility and style with Asus ZenBook Flip 13. With its convertible design and premium features, this laptop is perfect for productivity and entertainment.",Laptops
MSI Prestige 14,MSI,"14-inch Full HD display, Intel Core i7 processor, 16GB RAM, 512GB SSD, NVIDIA GeForce GTX 1650 graphics, Windows 11 Pro, up to 10-hour battery life","Experience premium performance with MSI Prestige 14. With its sleek design and powerful specs, this laptop is perfect for creative professionals.",Laptops
Acer Aspire 5,Acer,"15.6-inch Full HD display, Intel Core i5 processor, 8GB RAM, 512GB SSD, Intel UHD Graphics, Windows 11 Home, up to 8-hour battery life","Experience reliable performance with Acer Aspire 5. With its balanced specs and affordable price, this laptop is perfect for everyday computing.",Laptops
Microsoft Surface Laptop Studio,Microsoft,"14.4-inch PixelSense touchscreen display, Intel Core i7 processor, 32GB RAM, 1TB SSD, NVIDIA GeForce RTX 3050 Ti graphics, Windows 11 Pro, up to 15-hour battery life","Experience versatility and creativity with Microsoft Surface Laptop Studio. With its innovative design and powerful specs, this laptop is perfect for creators and professionals.",Laptops
HP Pavilion Gaming,HP,"15.6-inch Full HD display, AMD Ryzen 7 processor, 16GB RAM, 512GB SSD, NVIDIA GeForce GTX 1650 graphics, Windows 11 Home, up to 6-hour battery life","Experience immersive gaming with HP Pavilion Gaming. With its gaming-focused specs and customizable RGB lighting, this laptop is perfect for gaming enthusiasts.",Laptops
Dell G3 15,Dell,"15.6-inch Full HD display, Intel Core i7 processor, 16GB RAM, 512GB SSD, NVIDIA GeForce GTX 1660 Ti graphics, Windows 11 Home, up to 8-hour battery life","Experience powerful gaming performance with Dell G3 15. With its sleek design and high-refresh-rate display, this laptop is perfect for gamers.",Laptops
Lenovo IdeaPad 5 Pro,Lenovo,"16-inch QHD display, AMD Ryzen 7 processor, 16GB RAM, 512GB SSD, NVIDIA GeForce GTX 1650 graphics, Windows 11 Home, up to 10-hour battery life","Experience premium productivity with Lenovo IdeaPad 5 Pro. With its large display and powerful specs, this laptop is perfect for creative professionals.",Laptops
Apple MacBook Pro 16 M1,Apple,"16-inch Liquid Retina XDR display, Apple M1 Pro chip, 32GB RAM, 1TB SSD, 10-core GPU, macOS Monterey, up to 21-hour battery life","Experience groundbreaking performance with Apple MacBook Pro 16 M1. With its powerful Apple Silicon and stunning display, this laptop is perfect for power users.",Laptops
Asus ROG Zephyrus G15,Asus,"15.6-inch QHD display, AMD Ryzen 9 processor, 32GB RAM, 1TB SSD, NVIDIA GeForce RTX 3080 graphics, Windows 11 Home, up to 8-hour battery life","Unleash gaming excellence with Asus ROG Zephyrus G15. With its high-performance specs and slim design, this laptop is perfect for serious gamers.",Laptops
HP Spectre x360 14,HP,"14-inch OLED touchscreen display, Intel Core i7 processor, 16GB RAM, 512GB SSD, Intel Iris Xe Graphics, Windows 11 Pro, up to 10-hour battery life","Experience versatility and elegance with HP Spectre x360 14. With its convertible design and premium features, this laptop is perfect for professionals.",Laptops
Dell XPS 15,Dell,"15.6-inch 4K Ultra HD+ display, Intel Core i9 processor, 32GB RAM, 1TB SSD, NVIDIA GeForce RTX 3050 Ti graphics, Windows 11 Pro, up to 8-hour battery life","Experience stunning visuals with Dell XPS 15. With its premium build quality and powerful specs, this laptop is perfect for content creators.",Laptops
Lenovo Yoga Slim 7i,Lenovo,"14-inch QHD display, Intel Core i7 processor, 16GB RAM, 512GB SSD, Intel Iris Xe Graphics, Windows 11 Home, up to 12-hour battery life","Experience slim and powerful performance with Lenovo Yoga Slim 7i. With its sleek design and long battery life, this laptop is perfect for productivity.",Laptops
Amazon Echo Dot (4th Gen),Amazon,"Smart speaker with Alexa, compact design, voice control for smart home devices, built-in speaker, 3.5mm audio output","Enhance your smart home experience with the Amazon Echo Dot (4th Gen). With its compact size and powerful features, this smart speaker is perfect for controlling your smart home devices.",Smart Gadgets
Google Nest Mini,Google,"Smart speaker with Google Assistant, compact design, voice control for smart home devices, built-in speaker, 3.5mm audio output","Enjoy hands-free convenience with the Google Nest Mini. With its compact design and Google Assistant integration, this smart speaker is perfect for managing your daily tasks.",Smart Gadgets
Apple HomePod Mini,Apple,"Smart speaker with Siri, compact design, high-fidelity audio, voice control for smart home devices, seamless integration with Apple ecosystem","Immerse yourself in high-quality audio with the Apple HomePod Mini. With Siri integration and seamless Apple ecosystem connectivity, this smart speaker is perfect for Apple users.",Smart Gadgets
Samsung SmartThings Hub,Samsung,"Smart home hub, Zigbee and Z-Wave compatibility, smartphone control, automation of smart home devices","Centralize and control your smart home devices with the Samsung SmartThings Hub. With Zigbee and Z-Wave compatibility, this hub is perfect for creating a connected home ecosystem.",Smart Gadgets
Philips Hue Smart Bulb,Philips,"Smart LED bulb, customizable lighting, voice control with compatible smart assistants, energy-efficient design","Transform your home lighting with the Philips Hue Smart Bulb. With customizable lighting options and energy-efficient technology, this smart bulb is perfect for creating ambiance.",Smart Gadgets
Amazon Fire TV Stick 4K,Amazon,"Media streaming device, 4K HDR support, Alexa voice remote, access to streaming services and apps","Upgrade your TV viewing experience with the Amazon Fire TV Stick 4K. With 4K HDR support and Alexa voice control, this media streaming device is perfect for streaming your favorite content.",Smart Gadgets
Google Chromecast with Google TV,Google,"Media streaming device, Google TV interface, 4K HDR support, voice remote, access to streaming services and apps","Discover a world of entertainment with the Google Chromecast with Google TV. With Google TV interface and 4K HDR support, this media streaming device offers a seamless streaming experience.",Smart Gadgets
Ring Video Doorbell 3,Ring,"Video doorbell camera, 1080p HD video, motion detection, two-way audio, smartphone alerts","Enhance your home security with the Ring Video Doorbell 3. With its HD video, motion detection, and two-way audio, this video doorbell is perfect for monitoring your doorstep.",Smart Gadgets
Wyze Cam v3,Wyze,"Indoor/outdoor security camera, 1080p HD video, night vision, two-way audio, motion detection","Keep an eye on your home with the Wyze Cam v3. With its HD video, night vision, and motion detection, this security camera is perfect for monitoring both indoor and outdoor spaces.",Smart Gadgets
TP-Link Kasa Smart Plug,TP-Link,"Smart Wi-Fi plug, remote control, voice control with compatible smart assistants, energy monitoring, scheduling","Automate your home appliances with the TP-Link Kasa Smart Plug. With remote control and energy monitoring features, this smart plug is perfect for optimizing energy usage.",Smart Gadgets
Nest Learning Thermostat,Nest,"Smart thermostat, learning capabilities, compatibility with HVAC systems, energy-saving features","Take control of your home's climate with the Nest Learning Thermostat. With its learning capabilities and energy-saving features, this thermostat is perfect for optimizing comfort and efficiency.",Smart Gadgets
Apple TV 4K,Apple,"Media streaming device, 4K HDR support, Apple TV app, Siri remote, access to streaming services and apps","Enhance your entertainment experience with Apple TV 4K. With 4K HDR support and Siri integration, this media streaming device offers a seamless streaming experience.",Smart Gadgets
Amazon Echo Show 10 (3rd Gen),Amazon,"Smart display with Alexa, 10.1-inch HD screen, motion tracking, built-in speaker and camera, video calling capabilities","Stay connected and entertained with the Amazon Echo Show 10 (3rd Gen). With its motion tracking and video calling features, this smart display is perfect for hands-free convenience.",Smart Gadgets
Google Nest Hub (2nd Gen),Google,"Smart display with Google Assistant, 7-inch touchscreen, voice control for smart home devices, visual responses","Get organized and entertained with the Google Nest Hub (2nd Gen). With its touchscreen and Google Assistant integration, this smart display is perfect for managing your day.",Smart Gadgets
Ring Indoor Cam,Ring,"Indoor security camera, 1080p HD video, motion detection, two-way audio, smartphone alerts","Keep an eye on your home with the Ring Indoor Cam. With its HD video and motion detection, this indoor security camera is perfect for monitoring specific areas.",Smart Gadgets
Netgear Orbi Mesh WiFi System,Netgear,"Mesh Wi-Fi system, whole-home coverage, high-speed internet, parental controls, guest network","Enjoy seamless Wi-Fi connectivity with the Netgear Orbi Mesh WiFi System. With whole-home coverage and parental controls, this system is perfect for optimizing your network.",Smart Gadgets
Eufy RoboVac 11S,Eufy,"Robot vacuum cleaner, slim design, 1300Pa suction power, multiple cleaning modes, drop-sensing technology","Keep your floors clean effortlessly with the Eufy RoboVac 11S. With its slim design and intelligent features, this robot vacuum is perfect for automated cleaning.",Smart Gadgets
Ecobee SmartThermostat,Ecobee,"Smart thermostat, built-in Alexa voice control, compatibility with HVAC systems, energy reports","Optimize your home's comfort and energy efficiency with the Ecobee SmartThermostat. With built-in Alexa and energy reports, this thermostat is perfect for smart climate control.",Smart Gadgets
Sonos One (Gen 2),Sonos,"Smart speaker with Alexa and Google Assistant, high-quality audio, compact design, multi-room audio","Immerse yourself in rich sound with the Sonos One (Gen 2). With its voice assistant integration and multi-room audio, this smart speaker is perfect for music lovers.",Smart Gadgets
NVIDIA Shield TV Pro,NVIDIA,"Media streaming device, 4K HDR support, NVIDIA Tegra X1+ processor, Dolby Vision and Dolby Atmos, access to streaming services and apps","Experience immersive entertainment with NVIDIA Shield TV Pro. With its powerful processor and 4K HDR support, this media streaming device offers a cinematic viewing experience.",Smart Gadgets
Samsung QLED Q90T,Samsung,"QLED TV, 4K resolution, Quantum HDR, Quantum Processor 4K, Ambient Mode+","Immerse yourself in stunning visuals with the Samsung QLED Q90T. With its Quantum HDR technology and powerful processor, this TV delivers an exceptional viewing experience.",TVs
LG OLED CX,LG,"OLED TV, 4K resolution, Dolby Vision IQ, AI ThinQ, NVIDIA G-SYNC compatible","Experience cinema-quality visuals with the LG OLED CX. With its OLED display and advanced features like Dolby Vision IQ, this TV offers immersive entertainment.",TVs
Sony Bravia A8H OLED,Sony,"OLED TV, 4K resolution, Acoustic Surface Audio, Android TV, IMAX Enhanced","Bring movies to life with the Sony Bravia A8H OLED. With its Acoustic Surface Audio and IMAX Enhanced support, this TV delivers a cinematic audio-visual experience.",TVs
TCL 6-Series QLED,TCL,"QLED TV, 4K resolution, Dolby Vision, Contrast Control Zones, Roku TV","Enjoy vibrant colors and sharp details with the TCL 6-Series QLED. With its Roku TV platform and Dolby Vision support, this TV is perfect for streaming and gaming.",TVs
Vizio P-Series Quantum,Vizio,"Quantum Dot TV, 4K resolution, Dolby Vision HDR, Active Full Array backlight, SmartCast OS","Elevate your viewing experience with the Vizio P-Series Quantum. With its Quantum Dot technology and Dolby Vision HDR, this TV delivers lifelike visuals.",TVs
Hisense ULED U8G,Hisense,"ULED TV, 4K resolution, Quantum Dot color, Dolby Vision HDR, Android TV","Get immersed in vivid colors and stunning clarity with the Hisense ULED U8G. With its Quantum Dot technology and Dolby Vision HDR, this TV offers a premium entertainment experience.",TVs
Samsung Crystal UHD TU8000,Samsung,"Crystal UHD TV, 4K resolution, Crystal Processor 4K, HDR, Smart TV with Tizen OS","Enjoy crystal-clear picture quality and smart features with the Samsung Crystal UHD TU8000. With its HDR support and Tizen OS, this TV is perfect for streaming and gaming.",TVs
LG NanoCell 85 Series,LG,"NanoCell TV, 4K resolution, Nano Color, Nano Accuracy, ThinQ AI, webOS","Experience lifelike colors and sharp details with the LG NanoCell 85 Series. With its NanoCell technology and ThinQ AI, this TV delivers an immersive viewing experience.",TVs
Sony X950H 4K LED,Sony,"4K LED TV, Full Array LED, X-Motion Clarity, Android TV, Dolby Vision","Enjoy smooth motion and vibrant colors with the Sony X950H 4K LED TV. With its Full Array LED and Dolby Vision support, this TV offers a cinematic experience at home.",TVs
TCL 4-Series LED,TCL,"LED TV, 4K resolution, High Dynamic Range, Roku TV, Dual-band Wi-Fi","Bring entertainment to life with the TCL 4-Series LED TV. With its Roku TV platform and HDR support, this TV delivers stunning visuals and smart features.",TVs
Vizio OLED55-H1,Vizio,"OLED TV, 4K resolution, Vizio IQ Ultra Processor, Dolby Vision HDR, SmartCast OS","Immerse yourself in cinematic visuals with the Vizio OLED55-H1. With its OLED display and Dolby Vision HDR, this TV delivers stunning picture quality.",TVs
Hisense H8G Quantum Series,Hisense,"Quantum Dot TV, 4K resolution, Full Array Local Dimming, Dolby Vision HDR, Android TV","Experience vivid colors and detailed imagery with the Hisense H8G Quantum Series. With Quantum Dot technology and Dolby Vision HDR, this TV offers an immersive viewing experience.",TVs
Samsung The Frame 2021,Samsung,"QLED TV, Art Mode, 4K resolution, Quantum Processor 4K, Customizable Frames","Transform your space with the Samsung The Frame 2021. With its Art Mode and customizable frames, this TV seamlessly blends into your decor.",TVs
LG C1 OLED,LG,"OLED TV, 4K resolution, Alpha 9 Gen 4 AI Processor, Dolby Vision IQ, webOS","Enjoy lifelike colors and deep blacks with the LG C1 OLED. With its AI processor and Dolby Vision IQ, this TV delivers an immersive entertainment experience.",TVs
Sony X80J LED,Sony,"LED TV, 4K resolution, Triluminos Pro, Google TV, Motionflow XR","Enjoy vibrant colors and smooth motion with the Sony X80J LED TV. With Triluminos Pro and Google TV, this TV offers a wide range of entertainment options.",TVs
TCL 5-Series QLED,TCL,"QLED TV, 4K resolution, Dolby Vision HDR, Auto Game Mode, Roku TV","Experience stunning visuals and low input lag with the TCL 5-Series QLED. With Dolby Vision HDR and Auto Game Mode, this TV is perfect for gaming and streaming.",TVs
Vizio M-Series Quantum,Vizio,"Quantum Dot TV, 4K resolution, Active Full Array backlight, Dolby Vision HDR, SmartCast OS","Enhance your viewing experience with the Vizio M-Series Quantum. With its Quantum Dot technology and Dolby Vision HDR, this TV delivers immersive visuals.",TVs
Hisense ULED U7G,Hisense,"ULED TV, 4K resolution, Full Array Local Dimming, Dolby Vision HDR, Android TV","Get lifelike colors and sharp details with the Hisense ULED U7G. With Full Array Local Dimming and Dolby Vision HDR, this TV offers a cinematic experience.",TVs
Samsung QLED Q70T,Samsung,"QLED TV, 4K resolution, Quantum Processor 4K, Dual LED backlight, Tizen OS","Enjoy vibrant colors and smooth performance with the Samsung QLED Q70T. With its Quantum Processor 4K and Tizen OS, this TV delivers immersive entertainment.",TVs
LG OLED BX,LG,"OLED TV, 4K resolution, 7 Gen 3 AI Processor 4K, Dolby Vision IQ, webOS","Experience stunning visuals and AI-powered performance with the LG OLED BX. With Dolby Vision IQ and webOS, this TV offers a seamless viewing experience.",TVs
Amazon Echo (4th Gen),Amazon,"Smart speaker, Alexa voice assistant, 360-degree audio, Bluetooth connectivity","Experience hands-free convenience with the Amazon Echo (4th Gen). With Alexa built-in and 360-degree audio, this smart speaker delivers immersive sound.",Smart Assistants
Google Nest Audio,Google,"Smart speaker, Google Assistant, Full-range sound, Voice control","Get answers and enjoy music with the Google Nest Audio. With Google Assistant and full-range sound, this smart speaker enhances your home entertainment.",Smart Assistants
Apple HomePod Mini,Apple,"Smart speaker, Siri voice assistant, Room-filling sound, HomeKit support","Elevate your music experience with the Apple HomePod Mini. With Siri voice control and room-filling sound, this smart speaker is perfect for your smart home setup.",Smart Assistants
Samsung Galaxy Home Mini,Samsung,"Smart speaker, Bixby voice assistant, Compact design, SmartThings compatibility","Control your home and enjoy music with the Samsung Galaxy Home Mini. With Bixby voice control and SmartThings compatibility, this smart speaker offers convenience.",Smart Assistants
Sony SRS-XB23 Extra Bass,Sony,"Portable speaker, Extra Bass technology, Waterproof, Bluetooth connectivity","Take your music anywhere with the Sony SRS-XB23 Extra Bass speaker. With waterproof design and Bluetooth connectivity, this portable speaker delivers powerful sound.",Smart Assistants
Bose Home Speaker 300,Bose,"Smart speaker, Bose sound, Voice control, Wi-Fi and Bluetooth connectivity","Experience room-filling sound with the Bose Home Speaker 300. With voice control and Wi-Fi/Bluetooth connectivity, this smart speaker offers versatile music streaming options.",Smart Assistants
Sonos One (Gen 2),Sonos,"Smart speaker, Alexa and Google Assistant support, Trueplay tuning, Multi-room audio","Immerse yourself in music with the Sonos One (Gen 2). With support for Alexa and Google Assistant, Trueplay tuning, and multi-room audio, this smart speaker delivers exceptional sound.",Smart Assistants
Harman Kardon Citation 300,Harman Kardon,"Smart speaker, Google Assistant, Premium sound, Multi-room capability","Enjoy premium sound quality with the Harman Kardon Citation 300. With Google Assistant, multi-room capability, and elegant design, this smart speaker enhances your listening experience.",Smart Assistants
JBL Link Portable,JBL,"Portable speaker, Google Assistant, 360-degree Pro Sound, IPX7 waterproof","Take your music on the go with the JBL Link Portable speaker. With Google Assistant, 360-degree Pro Sound, and IPX7 waterproof rating, this portable speaker is perfect for outdoor adventures.",Smart Assistants
Lenovo Smart Clock Essential,Lenovo,"Smart clock, Google Assistant, LED display, Night light","Stay organized and connected with the Lenovo Smart Clock Essential. With Google Assistant, LED display, and built-in night light, this smart clock is a versatile addition to your bedroom.",Smart Assistants
Rice,Generic,"Grains, 500g pack","High-quality rice suitable for various dishes.",Grains
Wheat Flour,Generic,"Flour, 800g pack","Premium wheat flour ideal for baking and cooking.",Flour
Sugar,Generic,"Sweeteners, 700g pack","Fine sugar crystals for sweetening beverages and desserts.",Sweeteners
Salt,Generic,"Spices, 1kg pack","Pure salt crystals for seasoning and cooking.",Spices
Black Pepper,Generic,"Spices, 300g pack","Premium black pepper for adding flavor to dishes.",Spices
Green Tea,Generic,"Beverages, 400g pack","Refreshing green tea leaves for brewing hot or cold beverages.",Beverages
Coffee,Generic,"Beverages, 350g pack","Rich coffee beans for brewing aromatic cups of coffee.",Beverages
Milk,Generic,"Dairy, 900ml pack","Fresh and nutritious milk for drinking or cooking.",Dairy
Butter,Generic,"Dairy, 600g pack","Creamy butter for spreading on bread or cooking.",Dairy
Eggs,Generic,"Proteins, 1 dozen","Farm-fresh eggs rich in protein for various recipes.",Proteins
Chicken,Generic,"Meat, 400g pack","Fresh and tender chicken for cooking various dishes.",Meat
Fish,Generic,"Seafood, 300g pack","Premium quality fish suitable for grilling or frying.",Seafood
Potatoes,Generic,"Vegetables, 800g pack","Nutritious potatoes perfect for roasting or boiling.",Vegetables
Tomatoes,Generic,"Vegetables, 700g pack","Ripe and juicy tomatoes for salads or sauces.",Vegetables
Onions,Generic,"Vegetables, 750g pack","Flavorful onions ideal for soups, stews, and salads.",Vegetables
Bananas,Generic,"Fruits, 900g pack","Sweet and ripe bananas for snacking or baking.",Fruits
Apples,Generic,"Fruits, 600g pack","Crisp and fresh apples perfect for eating raw or in desserts.",Fruits
Oranges,Generic,"Fruits, 700g pack","Juicy and tangy oranges rich in Vitamin C.",Fruits
Bread,Generic,"Bakery, 800g pack","Soft and fluffy bread ideal for sandwiches or toasting.",Bakery
Pasta,Generic,"Pasta & Noodles, 600g pack","Dried pasta for creating delicious pasta dishes.",Pasta & Noodles
Toilet Paper,Generic,"Cleaning Supplies, 500g pack","Soft and absorbent toilet paper rolls.",Cleaning Supplies
Laundry Detergent,Generic,"Cleaning Supplies, 300g pack","Powerful laundry detergent for clean and fresh clothes.",Cleaning Supplies
Dish Soap,Generic,"Cleaning Supplies, 400g pack","Effective dish soap for sparkling clean dishes.",Cleaning Supplies
Glass Cleaner,Generic,"Cleaning Supplies, 350ml bottle","Streak-free glass cleaner for shiny surfaces.",Cleaning Supplies
Hand Soap,Generic,"Cleaning Supplies, 450ml bottle","Gentle hand soap for clean and moisturized hands.",Cleaning Supplies
Trash Bags,Generic,"Cleaning Supplies, 300g pack","Strong and durable trash bags for waste disposal.",Cleaning Supplies
Broom,Generic,"Cleaning Supplies, 350g pack","Sturdy broom for sweeping floors and surfaces.",Cleaning Supplies
Mop,Generic,"Cleaning Supplies, 300g pack","Absorbent mop for efficient floor cleaning.",Cleaning Supplies
Vacuum Cleaner,Generic,"Appliances, 80W power","High-performance vacuum cleaner for thorough cleaning.",Appliances
Microwave Oven,Generic,"Appliances, 60W power","Versatile microwave oven for cooking and heating food.",Appliances
Coffee Maker,Generic,"Appliances, 120V, 1750W","Efficient coffee maker for brewing fresh coffee.",Appliances
Toaster,Generic,"Appliances, 120V, 1250W","Versatile toaster for toasting bread and snacks.",Appliances
Blender,Generic,"Appliances, 120V, 2500W","Powerful blender for making smoothies and sauces.",Appliances
Iron,Generic,"Appliances, 120V, 650W","Steam iron for wrinkle-free clothes.",Appliances
Dishwasher,Generic,"Appliances, 120V, 17500W","Convenient dishwasher for hassle-free dish cleaning.",Appliances
Air Purifier,Generic,"Appliances, 120V, 9000W","Effective air purifier for clean and fresh air.",Appliances
Light Bulbs,Generic,"Lighting, 65W","Energy-efficient light bulbs for illumination.",Lighting
Lamp,Generic,"Lighting, 650W","Stylish lamp for ambient lighting.",Lighting
Curtains,Generic,"Home Decor, 1250mm x 1500mm","Decorative curtains for window dressing.",Home Decor
Rugs,Generic,"Home Decor, 2500mm x 1000mm","Soft and cozy rugs for floor decoration.",Home Decor
Car Seat Covers,Generic,"Interior Accessories, Universal Fit","Protective seat covers for cars.",Interior Accessories
Car Floor Mats,Generic,"Interior Accessories, Universal Fit","Durable floor mats for cars.",Interior Accessories
Car Phone Holder,Generic,"Interior Accessories, Universal Fit","Convenient phone holder for cars.",Interior Accessories
Car Air Freshener,Generic,"Interior Accessories, Various Scents","Fragrant air freshener for cars.",Interior Accessories
Car Steering Wheel Cover,Generic,"Interior Accessories, Universal Fit","Comfortable steering wheel cover for cars.",Interior Accessories
Car Sun Shades,Generic,"Exterior Accessories, Universal Fit","Sun shades to keep your car cool.",Exterior Accessories
Car LED Lights,Generic,"Exterior Accessories, Various Colors","LED lights for exterior car decoration.",Exterior Accessories
Car Roof Rack,Generic,"Exterior Accessories, Universal Fit","Spacious roof rack for extra storage.",Exterior Accessories
Car Dash Camera,Generic,"Electronics, 1080p HD","Dash camera for recording while driving.",Electronics
Car Bluetooth Adapter,Generic,"Electronics, Bluetooth 5.0","Bluetooth adapter for car audio systems.",Electronics
